domain,level,algorithm,n,n_solved,n_timeout,cost_median,cost_q1,cost_q3,cost_iqr,length_median,length_q1,length_q3,length_iqr,expansions_median,expansions_q1,expansions_q3,expansions_iqr,max_frontier_median,max_frontier_q1,max_frontier_q3,max_frontier_iqr,time_s_median,time_s_q1,time_s_q3,time_s_iqr
puzzle,4,BFS,10,10,0,4.0,4.0,4.0,0.0,4.0,4.0,4.0,0.0,23.5,22.0,28.0,6.0,18.0,18.0,18.0,0.0,9.4e-05,8.4e-05,0.000115,3.1e-05
puzzle,4,DFS,10,10,0,705.0,404.5,18265.0,17860.5,705.0,404.5,18265.0,17860.5,717.5,410.75,18730.25,18319.5,544.0,316.5,13502.0,13185.5,0.003084,0.001446,0.084061,0.082615
puzzle,4,UCS,10,10,0,4.0,4.0,4.0,0.0,4.0,4.0,4.0,0.0,23.5,22.0,28.0,6.0,18.0,18.0,18.0,0.0,0.000133,9.4e-05,0.00015,5.6e-05
puzzle,4,IDS,10,10,0,4.0,4.0,4.0,0.0,4.0,4.0,4.0,0.0,22.0,17.5,23.0,5.5,5.0,5.0,5.0,0.0,8.4e-05,7.7e-05,0.000104,2.7e-05
puzzle,4,A*-misplaced,10,10,0,4.0,4.0,4.0,0.0,4.0,4.0,4.0,0.0,4.0,4.0,4.0,0.0,6.0,6.0,6.0,0.0,4.1e-05,3.6e-05,4.5e-05,9e-06
puzzle,4,A*-manhattan,10,10,0,4.0,4.0,4.0,0.0,4.0,4.0,4.0,0.0,4.0,4.0,4.0,0.0,6.0,6.0,6.0,0.0,4.4e-05,4.1e-05,4.7e-05,5e-06
puzzle,4,A*-3xmanhattan,10,10,0,4.0,4.0,4.0,0.0,4.0,4.0,4.0,0.0,4.0,4.0,4.0,0.0,6.0,6.0,6.0,0.0,3.8e-05,3.8e-05,4.1e-05,3e-06
puzzle,8,BFS,10,10,0,8.0,8.0,8.0,0.0,8.0,8.0,8.0,0.0,231.0,196.5,253.0,56.5,143.0,138.5,171.0,32.5,0.000832,0.000744,0.000983,0.00024
puzzle,8,DFS,10,10,0,72027.0,13891.5,105448.0,91556.5,72027.0,13891.5,105448.0,91556.5,76047.0,14321.5,115227.75,100906.25,49494.0,9986.0,69027.25,59041.25,0.357227,0.060651,0.577956,0.517305
puzzle,8,UCS,10,10,0,8.0,8.0,8.0,0.0,8.0,8.0,8.0,0.0,231.0,196.5,253.0,56.5,143.0,138.5,171.0,32.5,0.001038,0.00081,0.001155,0.000346
puzzle,8,IDS,10,10,0,8.0,8.0,8.0,0.0,8.0,8.0,8.0,0.0,318.5,265.5,358.25,92.75,8.0,8.0,10.0,2.0,0.001233,0.001013,0.001312,0.000299
puzzle,8,A*-misplaced,10,10,0,8.0,8.0,8.0,0.0,8.0,8.0,8.0,0.0,15.5,14.25,18.75,4.5,15.5,14.0,17.5,3.5,0.000122,0.000108,0.000133,2.5e-05
puzzle,8,A*-manhattan,10,10,0,8.0,8.0,8.0,0.0,8.0,8.0,8.0,0.0,9.0,8.0,11.5,3.5,10.5,10.0,11.75,1.75,8.5e-05,7.4e-05,0.000101,2.6e-05
puzzle,8,A*-3xmanhattan,10,10,0,8.0,8.0,8.0,0.0,8.0,8.0,8.0,0.0,9.0,8.0,14.5,6.5,10.5,10.0,15.5,5.5,7.7e-05,7e-05,0.000127,5.7e-05
puzzle,12,BFS,10,10,0,12.0,12.0,12.0,0.0,12.0,12.0,12.0,0.0,1695.5,1582.0,1796.25,214.25,1041.5,977.0,1076.0,99.0,0.006296,0.005827,0.006749,0.000922
puzzle,12,DFS,10,10,0,59254.0,38549.5,93566.0,55016.5,59254.0,38549.5,93566.0,55016.5,61528.0,39654.25,100957.5,61303.25,41890.5,27967.0,62172.75,34205.75,0.28688,0.174404,0.47421,0.299806
puzzle,12,UCS,10,10,0,12.0,12.0,12.0,0.0,12.0,12.0,12.0,0.0,1695.5,1582.0,1796.25,214.25,1041.5,977.0,1076.0,99.0,0.007568,0.007143,0.008015,0.000872
puzzle,12,IDS,10,10,0,12.0,12.0,12.0,0.0,12.0,12.0,12.0,0.0,2333.5,2118.25,2690.5,572.25,12.0,12.0,12.0,0.0,0.009196,0.008576,0.010791,0.002216
puzzle,12,A*-misplaced,10,10,0,12.0,12.0,12.0,0.0,12.0,12.0,12.0,0.0,78.0,55.25,86.25,31.0,55.5,44.0,59.75,15.75,0.000499,0.000397,0.000568,0.00017
puzzle,12,A*-manhattan,10,10,0,12.0,12.0,12.0,0.0,12.0,12.0,12.0,0.0,23.5,13.25,35.5,22.25,21.0,14.0,26.75,12.75,0.000208,0.00013,0.00027,0.00014
puzzle,12,A*-3xmanhattan,10,10,0,12.0,12.0,12.0,0.0,12.0,12.0,12.0,0.0,40.0,15.0,64.25,49.25,30.0,16.25,47.0,30.75,0.00029,0.00015,0.000473,0.000323
puzzle,16,BFS,10,10,0,16.0,16.0,16.0,0.0,16.0,16.0,16.0,0.0,9784.0,8354.25,11097.25,2743.0,5794.0,5186.5,6079.25,892.75,0.041942,0.036457,0.045684,0.009227
puzzle,16,DFS,10,10,0,63683.0,48759.0,73859.0,25100.0,63683.0,48759.0,73859.0,25100.0,66216.5,50315.25,77227.75,26912.5,44746.5,34969.0,51003.25,16034.25,0.314082,0.242308,0.36199,0.119682
puzzle,16,UCS,10,10,0,16.0,16.0,16.0,0.0,16.0,16.0,16.0,0.0,9784.0,8354.25,11097.25,2743.0,5794.0,5186.5,6079.25,892.75,0.051836,0.042341,0.060753,0.018412
puzzle,16,IDS,10,10,0,16.0,16.0,16.0,0.0,16.0,16.0,16.0,0.0,25858.5,22143.0,29658.5,7515.5,15.0,15.0,15.0,0.0,0.116266,0.10395,0.132852,0.028902
puzzle,16,A*-misplaced,10,10,0,16.0,16.0,16.0,0.0,16.0,16.0,16.0,0.0,383.0,344.0,514.0,170.0,246.5,224.25,317.25,93.0,0.00254,0.002233,0.003347,0.001114
puzzle,16,A*-manhattan,10,10,0,16.0,16.0,16.0,0.0,16.0,16.0,16.0,0.0,91.5,71.5,122.0,50.5,67.5,51.25,87.0,35.75,0.000736,0.000588,0.00097,0.000383
puzzle,16,A*-3xmanhattan,10,10,0,18.0,16.5,21.5,5.0,18.0,16.5,21.5,5.0,166.0,78.25,290.0,211.75,110.5,60.5,176.25,115.75,0.001268,0.000612,0.00249,0.001878
grid,5,BFS,10,10,0,6.5,5.25,7.75,2.5,4.0,4.0,5.0,1.0,20.0,16.0,21.0,5.0,11.0,10.25,11.75,1.5,7.8e-05,7.2e-05,8.1e-05,9e-06
grid,5,DFS,10,10,0,30.5,14.75,40.25,25.5,12.5,7.25,15.5,8.25,12.5,7.25,15.5,8.25,14.0,11.25,15.5,4.25,4.6e-05,2.9e-05,5.6e-05,2.6e-05
grid,5,UCS,10,10,0,6.0,4.25,6.75,2.5,5.0,4.0,6.0,2.0,15.5,10.75,17.75,7.0,12.5,12.0,13.75,1.75,6.1e-05,4.7e-05,6.7e-05,2e-05
grid,5,IDS,10,10,0,10.0,5.25,13.0,7.75,4.0,4.0,5.0,1.0,25.5,24.25,49.5,25.25,8.0,7.0,9.0,2.0,0.000106,9.5e-05,0.000193,9.8e-05
grid,5,A*-manhattan,10,10,0,6.0,4.25,6.75,2.5,5.0,4.0,6.0,2.0,5.5,4.0,7.75,3.75,9.0,6.5,10.0,3.5,4.4e-05,2.9e-05,5.3e-05,2.4e-05
grid,5,A*-3xmanhattan,10,10,0,6.0,4.25,7.75,3.5,4.5,4.0,5.75,1.75,5.0,4.0,5.75,1.75,9.0,6.5,9.0,2.5,2.7e-05,2.5e-05,3.2e-05,6e-06
grid,8,BFS,10,10,0,16.5,15.0,26.5,11.5,9.0,8.25,9.75,1.5,58.5,52.25,59.0,6.75,18.0,15.0,18.75,3.75,0.00021,0.000202,0.000219,1.7e-05
grid,8,DFS,10,10,0,86.5,73.0,98.5,25.5,37.0,34.75,39.5,4.75,37.0,34.75,39.5,4.75,37.0,34.75,43.0,8.25,0.000128,0.000115,0.000133,1.9e-05
grid,8,UCS,10,10,0,11.0,9.25,13.75,4.5,9.0,8.25,9.75,1.5,51.0,38.75,54.5,15.75,31.0,27.25,36.0,8.75,0.000204,0.000187,0.000224,3.7e-05
grid,8,IDS,10,10,0,17.5,12.0,23.25,11.25,9.0,8.25,9.75,1.5,2605.5,1084.0,4143.0,3059.0,16.5,14.5,17.0,2.5,0.011891,0.004927,0.019421,0.014494
grid,8,A*-manhattan,10,10,0,11.0,9.25,13.75,4.5,9.0,8.25,9.75,1.5,12.0,11.25,17.0,5.75,18.5,17.0,22.0,5.0,8.1e-05,7.4e-05,0.000122,4.8e-05
grid,8,A*-3xmanhattan,10,10,0,13.0,12.25,15.25,3.0,9.0,8.25,9.75,1.5,9.0,8.25,11.25,3.0,16.5,13.5,18.0,4.5,5.1e-05,4.6e-05,6.2e-05,1.6e-05
grid,12,BFS,10,10,0,24.0,12.25,30.5,18.25,10.5,7.5,11.75,4.25,117.0,96.75,120.75,24.0,30.0,29.25,37.0,7.75,0.000442,0.000365,0.000485,0.00012
grid,12,DFS,10,10,0,183.5,131.5,227.0,95.5,76.5,51.5,93.75,42.25,76.5,51.5,93.75,42.25,84.5,61.5,100.25,38.75,0.000278,0.000204,0.000345,0.000141
grid,12,UCS,10,10,0,12.5,11.0,13.75,2.75,10.5,7.5,11.75,4.25,84.0,74.0,93.75,19.75,51.0,49.0,58.0,9.0,0.000374,0.00032,0.000477,0.000157
grid,12,IDS,10,10,0,20.5,16.5,25.25,8.75,10.5,7.5,11.75,4.25,16488.5,1787.0,45675.25,43888.25,20.0,15.75,21.0,5.25,0.084204,0.009464,0.241485,0.232021
grid,12,A*-manhattan,10,10,0,12.5,11.0,13.75,2.75,10.5,7.5,11.75,4.25,14.0,10.75,15.75,5.0,21.0,17.5,24.75,7.25,0.000116,8.8e-05,0.000147,5.9e-05
grid,12,A*-3xmanhattan,10,10,0,14.0,11.25,18.5,7.25,10.5,7.5,11.75,4.25,11.0,9.25,12.0,2.75,18.5,14.75,21.0,6.25,6.4e-05,5.3e-05,7.2e-05,1.9e-05
grid,16,BFS,10,10,0,32.0,28.0,43.75,15.75,16.5,13.5,18.0,4.5,207.5,196.5,220.0,23.5,38.0,34.5,41.5,7.0,0.000804,0.000744,0.000959,0.000215
grid,16,DFS,10,10,0,321.0,307.25,370.5,63.25,137.5,119.25,159.5,40.25,137.5,119.25,159.5,40.25,147.5,130.0,167.75,37.75,0.000475,0.000448,0.000552,0.000104
grid,16,UCS,10,10,0,19.5,18.25,23.5,5.25,17.0,13.5,18.75,5.25,177.0,155.75,204.5,48.75,86.5,81.0,89.25,8.25,0.000804,0.00069,0.000911,0.000222
grid,16,IDS,10,4,6,35.0,29.25,37.0,7.75,12.5,12.0,13.5,1.5,164280.0,102042.75,339755.0,237712.25,25.5,24.0,28.0,4.0,0.892846,0.572716,1.917266,1.344551
grid,16,A*-manhattan,10,10,0,19.5,18.25,23.5,5.25,17.0,13.5,18.75,5.25,39.0,33.0,50.75,17.75,42.5,33.25,52.5,19.25,0.00024,0.000206,0.000304,9.7e-05
grid,16,A*-3xmanhattan,10,10,0,22.0,20.25,24.0,3.75,16.5,13.5,18.0,4.5,17.0,14.25,19.5,5.25,29.5,24.5,33.0,8.5,0.000106,8e-05,0.000116,3.5e-05
