domain,level,instance,algorithm,status,cost,length,expansions,generated,max_frontier,time_s
puzzle,4,0,BFS,solved,4,4,23,41,18,0.000121
puzzle,4,0,DFS,solved,1792,1792,1829,3187,1358,0.007759
puzzle,4,0,UCS,solved,4,4,23,41,18,0.000151
puzzle,4,0,IDS,solved,4,4,38,74,6,0.000166
puzzle,4,0,A*-misplaced,solved,4,4,4,10,6,0.000052
puzzle,4,0,A*-manhattan,solved,4,4,4,10,6,0.000051
puzzle,4,0,A*-3xmanhattan,solved,4,4,4,10,6,0.000042
puzzle,4,1,BFS,solved,4,4,20,38,18,0.000077
puzzle,4,1,DFS,solved,404,404,410,726,316,0.001474
puzzle,4,1,UCS,solved,4,4,20,38,18,0.000081
puzzle,4,1,IDS,solved,4,4,23,52,5,0.000085
puzzle,4,1,A*-misplaced,solved,4,4,4,10,6,0.000035
puzzle,4,1,A*-manhattan,solved,4,4,4,10,6,0.000041
puzzle,4,1,A*-3xmanhattan,solved,4,4,4,10,6,0.000037
puzzle,4,2,BFS,solved,4,4,28,46,18,0.000095
puzzle,4,2,DFS,solved,108744,108744,119537,190321,70783,0.581847
puzzle,4,2,UCS,solved,4,4,28,46,18,0.000180
puzzle,4,2,IDS,solved,4,4,17,39,5,0.000117
puzzle,4,2,A*-misplaced,solved,4,4,5,12,7,0.000057
puzzle,4,2,A*-manhattan,solved,4,4,4,10,6,0.000047
puzzle,4,2,A*-3xmanhattan,solved,4,4,4,10,6,0.000039
puzzle,4,3,BFS,solved,4,4,32,60,28,0.000122
puzzle,4,3,DFS,solved,26,26,26,51,25,0.000090
puzzle,4,3,UCS,solved,4,4,32,60,28,0.000124
puzzle,4,3,IDS,solved,4,4,28,58,6,0.000107
puzzle,4,3,A*-misplaced,solved,4,4,4,10,6,0.000035
puzzle,4,3,A*-manhattan,solved,4,4,4,10,6,0.000042
puzzle,4,3,A*-3xmanhattan,solved,4,4,4,10,6,0.000046
puzzle,4,4,BFS,solved,4,4,28,46,18,0.000128
puzzle,4,4,DFS,solved,830,830,845,1483,638,0.003985
puzzle,4,4,UCS,solved,4,4,28,46,18,0.000114
puzzle,4,4,IDS,solved,4,4,17,39,5,0.000069
puzzle,4,4,A*-misplaced,solved,4,4,4,10,6,0.000043
puzzle,4,4,A*-manhattan,solved,4,4,4,10,6,0.000050
puzzle,4,4,A*-3xmanhattan,solved,4,4,4,10,6,0.000038
puzzle,4,5,BFS,solved,4,4,22,40,18,0.000084
puzzle,4,5,DFS,solved,406,406,413,731,318,0.001437
puzzle,4,5,UCS,solved,4,4,22,40,18,0.000141
puzzle,4,5,IDS,solved,4,4,22,50,5,0.000084
puzzle,4,5,A*-misplaced,solved,4,4,4,10,6,0.000036
puzzle,4,5,A*-manhattan,solved,4,4,4,10,6,0.000046
puzzle,4,5,A*-3xmanhattan,solved,4,4,4,10,6,0.000038
puzzle,4,6,BFS,solved,4,4,24,42,18,0.000086
puzzle,4,6,DFS,solved,37142,37142,38172,65193,27021,0.197968
puzzle,4,6,UCS,solved,4,4,24,42,18,0.000149
puzzle,4,6,IDS,solved,4,4,19,43,5,0.000075
puzzle,4,6,A*-misplaced,solved,4,4,4,10,6,0.000045
puzzle,4,6,A*-manhattan,solved,4,4,4,10,6,0.000045
puzzle,4,6,A*-3xmanhattan,solved,4,4,4,10,6,0.000076
puzzle,4,7,BFS,solved,4,4,22,40,18,0.000093
puzzle,4,7,DFS,solved,26,26,26,49,23,0.000090
puzzle,4,7,UCS,solved,4,4,22,40,18,0.000083
puzzle,4,7,IDS,solved,4,4,22,50,5,0.000083
puzzle,4,7,A*-misplaced,solved,4,4,4,10,6,0.000039
puzzle,4,7,A*-manhattan,solved,4,4,4,10,6,0.000040
puzzle,4,7,A*-3xmanhattan,solved,4,4,4,10,6,0.000038
puzzle,4,8,BFS,solved,4,4,20,38,18,0.000076
puzzle,4,8,DFS,solved,580,580,590,1040,450,0.002183
puzzle,4,8,UCS,solved,4,4,20,38,18,0.000088
puzzle,4,8,IDS,solved,4,4,23,52,5,0.000096
puzzle,4,8,A*-misplaced,solved,4,4,4,10,6,0.000037
puzzle,4,8,A*-manhattan,solved,4,4,4,10,6,0.000041
puzzle,4,8,A*-3xmanhattan,solved,4,4,4,10,6,0.000038
puzzle,4,9,BFS,solved,4,4,28,46,18,0.000097
puzzle,4,9,DFS,solved,23756,23756,24364,41914,17550,0.109495
puzzle,4,9,UCS,solved,4,4,28,46,18,0.000157
puzzle,4,9,IDS,solved,4,4,17,39,5,0.000067
puzzle,4,9,A*-misplaced,solved,4,4,4,10,6,0.000045
puzzle,4,9,A*-manhattan,solved,4,4,4,10,6,0.000044
puzzle,4,9,A*-3xmanhattan,solved,4,4,4,10,6,0.000039
puzzle,8,0,BFS,solved,8,8,228,375,143,0.000829
puzzle,8,0,DFS,solved,51396,51396,53032,89824,36792,0.250760
puzzle,8,0,UCS,solved,8,8,228,375,143,0.000964
puzzle,8,0,IDS,solved,8,8,258,466,8,0.000953
puzzle,8,0,A*-misplaced,solved,8,8,16,31,15,0.000117
puzzle,8,0,A*-manhattan,solved,8,8,8,16,8,0.000072
puzzle,8,0,A*-3xmanhattan,solved,8,8,8,16,8,0.000064
puzzle,8,1,BFS,solved,8,8,172,311,136,0.000715
puzzle,8,1,DFS,solved,51544,51544,53328,90095,36767,0.226660
puzzle,8,1,UCS,solved,8,8,172,311,136,0.000720
puzzle,8,1,IDS,solved,8,8,332,608,8,0.001266
puzzle,8,1,A*-misplaced,solved,8,8,8,16,8,0.000074
puzzle,8,1,A*-manhattan,solved,8,8,8,16,8,0.000071
puzzle,8,1,A*-3xmanhattan,solved,8,8,8,16,8,0.000066
puzzle,8,2,BFS,solved,8,8,310,518,199,0.001065
puzzle,8,2,DFS,solved,109158,109158,120822,191877,71056,0.629882
puzzle,8,2,UCS,solved,8,8,310,518,199,0.001355
puzzle,8,2,IDS,solved,8,8,326,578,10,0.001200
puzzle,8,2,A*-misplaced,solved,8,8,18,34,16,0.000131
puzzle,8,2,A*-manhattan,solved,8,8,12,24,12,0.000132
puzzle,8,2,A*-3xmanhattan,solved,10,10,16,33,17,0.000131
puzzle,8,3,BFS,solved,8,8,255,432,172,0.001630
puzzle,8,3,DFS,solved,114146,114146,133546,207056,73482,0.611653
puzzle,8,3,UCS,solved,8,8,255,432,172,0.001212
puzzle,8,3,IDS,solved,8,8,413,728,10,0.002955
puzzle,8,3,A*-misplaced,solved,8,8,19,37,18,0.000216
puzzle,8,3,A*-manhattan,solved,8,8,8,18,10,0.000079
puzzle,8,3,A*-3xmanhattan,solved,8,8,8,18,10,0.000071
puzzle,8,4,BFS,solved,8,8,210,353,140,0.000879
puzzle,8,4,DFS,solved,94468,94468,100770,163903,63133,0.482628
puzzle,8,4,UCS,solved,8,8,210,353,140,0.001099
puzzle,8,4,IDS,solved,8,8,288,525,8,0.001313
puzzle,8,4,A*-misplaced,solved,8,8,15,31,16,0.000115
puzzle,8,4,A*-manhattan,solved,8,8,10,21,11,0.000091
puzzle,8,4,A*-3xmanhattan,solved,8,8,10,21,11,0.000083
puzzle,8,5,BFS,solved,8,8,234,383,143,0.000833
puzzle,8,5,DFS,solved,109108,109108,120047,191041,70992,0.609732
puzzle,8,5,UCS,solved,8,8,234,383,143,0.000987
puzzle,8,5,IDS,solved,8,8,252,456,8,0.000926
puzzle,8,5,A*-misplaced,solved,8,8,12,25,13,0.000104
puzzle,8,5,A*-manhattan,solved,8,8,8,18,10,0.000079
puzzle,8,5,A*-3xmanhattan,solved,8,8,8,18,10,0.000070
puzzle,8,6,BFS,solved,8,8,285,480,188,0.001018
puzzle,8,6,DFS,solved,92510,92510,98766,160962,62196,0.463694
puzzle,8,6,UCS,solved,8,8,285,480,188,0.001174
puzzle,8,6,IDS,solved,8,8,367,649,10,0.001307
puzzle,8,6,A*-misplaced,solved,8,8,14,28,14,0.000106
puzzle,8,6,A*-manhattan,solved,8,8,10,21,11,0.000094
puzzle,8,6,A*-3xmanhattan,solved,8,8,10,21,11,0.000113
puzzle,8,7,BFS,solved,8,8,192,332,138,0.000698
puzzle,8,7,DFS,solved,616,616,626,1103,477,0.002346
puzzle,8,7,UCS,solved,8,8,192,332,138,0.000747
puzzle,8,7,IDS,solved,8,8,311,569,8,0.001192
puzzle,8,7,A*-misplaced,solved,8,8,23,46,23,0.000156
puzzle,8,7,A*-manhattan,solved,8,8,14,28,14,0.000119
puzzle,8,7,A*-3xmanhattan,solved,8,8,20,38,18,0.000155
puzzle,8,8,BFS,solved,8,8,247,419,168,0.000830
puzzle,8,8,DFS,solved,1390,1390,1418,2477,1059,0.005315
puzzle,8,8,UCS,solved,8,8,247,419,168,0.001088
puzzle,8,8,IDS,solved,8,8,429,755,10,0.001520
puzzle,8,8,A*-misplaced,solved,8,8,15,29,14,0.000134
puzzle,8,8,A*-manhattan,solved,8,8,12,24,12,0.000103
puzzle,8,8,A*-3xmanhattan,solved,10,10,16,33,17,0.000132
puzzle,8,9,BFS,solved,8,8,190,331,138,0.000628
puzzle,8,9,DFS,solved,428,428,434,768,334,0.001762
puzzle,8,9,UCS,solved,8,8,190,331,138,0.000758
puzzle,8,9,IDS,solved,8,8,252,456,8,0.000917
puzzle,8,9,A*-misplaced,solved,8,8,19,37,18,0.000126
puzzle,8,9,A*-manhattan,solved,8,8,8,18,10,0.000073
puzzle,8,9,A*-3xmanhattan,solved,8,8,8,18,10,0.000070
puzzle,12,0,BFS,solved,12,12,1690,2866,1109,0.006388
puzzle,12,0,DFS,solved,60386,60386,62760,105426,42666,0.315077
puzzle,12,0,UCS,solved,12,12,1690,2866,1109,0.007647
puzzle,12,0,IDS,solved,12,12,4065,7054,13,0.015883
puzzle,12,0,A*-misplaced,solved,12,12,84,144,60,0.000531
puzzle,12,0,A*-manhattan,solved,12,12,17,31,14,0.000165
puzzle,12,0,A*-3xmanhattan,solved,18,18,70,122,51,0.000507
puzzle,12,1,BFS,solved,12,12,1779,2906,1058,0.006820
puzzle,12,1,DFS,solved,24,24,24,46,22,0.000090
puzzle,12,1,UCS,solved,12,12,1779,2906,1058,0.007489
puzzle,12,1,IDS,solved,12,12,2167,3751,12,0.008716
puzzle,12,1,A*-misplaced,solved,12,12,49,84,35,0.000312
puzzle,12,1,A*-manhattan,solved,12,12,12,22,10,0.000100
puzzle,12,1,A*-3xmanhattan,solved,12,12,12,22,10,0.000090
puzzle,12,2,BFS,solved,12,12,1558,2586,968,0.005743
puzzle,12,2,DFS,solved,5842,5842,5969,10371,4402,0.024609
puzzle,12,2,UCS,solved,12,12,1558,2586,968,0.006542
puzzle,12,2,IDS,solved,12,12,2614,4577,12,0.010478
puzzle,12,2,A*-misplaced,solved,12,12,51,92,41,0.000379
puzzle,12,2,A*-manhattan,solved,12,12,20,38,18,0.000164
puzzle,12,2,A*-3xmanhattan,solved,12,12,72,123,51,0.000513
puzzle,12,3,BFS,solved,12,12,1524,2535,953,0.005650
puzzle,12,3,DFS,solved,104626,104626,113690,182366,68675,0.527254
puzzle,12,3,UCS,solved,12,12,1524,2535,953,0.007047
puzzle,12,3,IDS,solved,12,12,2096,3627,12,0.008500
puzzle,12,3,A*-misplaced,solved,12,12,49,86,37,0.000317
puzzle,12,3,A*-manhattan,solved,12,12,12,26,14,0.000110
puzzle,12,3,A*-3xmanhattan,solved,12,12,12,26,14,0.000103
puzzle,12,4,BFS,solved,12,12,1822,2971,1079,0.006536
puzzle,12,4,DFS,solved,108708,108708,119490,190257,70766,0.608550
puzzle,12,4,UCS,solved,12,12,1822,2971,1079,0.008605
puzzle,12,4,IDS,solved,12,12,2060,3566,12,0.008529
puzzle,12,4,A*-misplaced,solved,12,12,82,139,57,0.000533
puzzle,12,4,A*-manhattan,solved,12,12,42,77,35,0.000462
puzzle,12,4,A*-3xmanhattan,solved,12,12,76,133,53,0.000581
puzzle,12,5,BFS,solved,12,12,1893,3164,1196,0.007039
puzzle,12,5,DFS,solved,59742,59742,62079,104336,42257,0.313795
puzzle,12,5,UCS,solved,12,12,1893,3164,1196,0.011216
puzzle,12,5,IDS,solved,12,12,3624,6282,13,0.017622
puzzle,12,5,A*-misplaced,solved,12,12,68,121,53,0.000451
puzzle,12,5,A*-manhattan,solved,12,12,12,26,14,0.000118
puzzle,12,5,A*-3xmanhattan,solved,12,12,12,26,14,0.000136
puzzle,12,6,BFS,solved,12,12,1802,2938,1067,0.007636
puzzle,12,6,DFS,solved,58766,58766,60977,102501,41524,0.259965
puzzle,12,6,UCS,solved,12,12,1802,2938,1067,0.008027
puzzle,12,6,IDS,solved,12,12,2102,3636,12,0.008136
puzzle,12,6,A*-misplaced,solved,12,12,108,180,72,0.000693
puzzle,12,6,A*-manhattan,solved,12,12,64,105,41,0.000457
puzzle,12,6,A*-3xmanhattan,solved,14,14,47,82,35,0.000372
puzzle,12,7,BFS,solved,12,12,1654,2722,1004,0.006205
puzzle,12,7,DFS,solved,37684,37684,38739,66115,27376,0.170670
puzzle,12,7,UCS,solved,12,12,1654,2722,1004,0.007431
puzzle,12,7,IDS,solved,12,12,2380,4142,12,0.009535
puzzle,12,7,A*-misplaced,solved,12,12,87,146,59,0.000579
puzzle,12,7,A*-manhattan,solved,12,12,34,60,26,0.000258
puzzle,12,7,A*-3xmanhattan,solved,12,12,39,69,30,0.000285
puzzle,12,8,BFS,solved,12,12,1701,2792,1025,0.006079
puzzle,12,8,DFS,solved,114824,114824,135860,209723,73827,0.599442
puzzle,12,8,UCS,solved,12,12,1701,2792,1025,0.007979
puzzle,12,8,IDS,solved,12,12,2287,3972,12,0.008858
puzzle,12,8,A*-misplaced,solved,12,12,74,128,54,0.000467
puzzle,12,8,A*-manhattan,solved,12,12,27,51,24,0.000250
puzzle,12,8,A*-3xmanhattan,solved,12,12,24,47,23,0.000193
puzzle,12,9,BFS,solved,12,12,1493,2494,941,0.005632
puzzle,12,9,DFS,solved,41146,41146,42400,72140,29740,0.185606
puzzle,12,9,UCS,solved,12,12,1493,2494,941,0.006560
puzzle,12,9,IDS,solved,12,12,2716,4763,12,0.010896
puzzle,12,9,A*-misplaced,solved,12,12,89,154,65,0.000595
puzzle,12,9,A*-manhattan,solved,12,12,36,63,27,0.000274
puzzle,12,9,A*-3xmanhattan,solved,12,12,41,72,30,0.000295
puzzle,16,0,BFS,solved,16,16,12089,19672,6835,0.048342
puzzle,16,0,DFS,solved,60360,60360,62733,105379,42646,0.284565
puzzle,16,0,UCS,solved,16,16,12089,19672,6835,0.061367
puzzle,16,0,IDS,solved,16,16,32976,57060,16,0.142056
puzzle,16,0,A*-misplaced,solved,16,16,537,868,331,0.003495
puzzle,16,0,A*-manhattan,solved,16,16,143,243,100,0.001133
puzzle,16,0,A*-3xmanhattan,solved,18,18,72,130,57,0.000566
puzzle,16,1,BFS,solved,16,16,11264,18061,6091,0.044965
puzzle,16,1,DFS,solved,74124,74124,77515,128654,51139,0.347088
puzzle,16,1,UCS,solved,16,16,11264,18061,6091,0.058912
puzzle,16,1,IDS,solved,16,16,19928,34263,15,0.087816
puzzle,16,1,A*-misplaced,solved,16,16,307,517,210,0.001958
puzzle,16,1,A*-manhattan,solved,16,16,34,64,30,0.000365
puzzle,16,1,A*-3xmanhattan,solved,16,16,395,654,249,0.003135
puzzle,16,2,BFS,solved,16,16,10007,16290,5700,0.045923
puzzle,16,2,DFS,solved,89742,89742,95461,156109,60648,0.471297
puzzle,16,2,UCS,solved,16,16,10007,16290,5700,0.053552
puzzle,16,2,IDS,solved,16,16,23521,40803,15,0.109694
puzzle,16,2,A*-misplaced,solved,16,16,451,732,276,0.002902
puzzle,16,2,A*-manhattan,solved,16,16,98,174,75,0.000831
puzzle,16,2,A*-3xmanhattan,solved,18,18,49,84,35,0.000360
puzzle,16,3,BFS,solved,16,16,9561,16207,6044,0.040049
puzzle,16,3,DFS,solved,62732,62732,65280,109476,44196,0.334808
puzzle,16,3,UCS,solved,16,16,9561,16207,6044,0.050119
puzzle,16,3,IDS,solved,16,16,40594,70643,16,0.187503
puzzle,16,3,A*-misplaced,solved,16,16,535,884,349,0.003623
puzzle,16,3,A*-manhattan,solved,16,16,130,221,91,0.001017
puzzle,16,3,A*-3xmanhattan,solved,20,20,413,679,256,0.003316
puzzle,16,4,BFS,solved,16,16,11642,18616,6221,0.054293
puzzle,16,4,DFS,solved,81254,81254,85481,140936,55455,0.458939
puzzle,16,4,UCS,solved,16,16,11642,18616,6221,0.064417
puzzle,16,4,IDS,solved,16,16,18577,31880,15,0.087338
puzzle,16,4,A*-misplaced,solved,16,16,582,960,378,0.004417
puzzle,16,4,A*-manhattan,solved,16,16,145,239,93,0.001208
puzzle,16,4,A*-3xmanhattan,solved,16,16,320,521,190,0.002835
puzzle,16,5,BFS,solved,16,16,8246,13863,5153,0.035607
puzzle,16,5,DFS,solved,8976,8976,9167,15899,6732,0.039769
puzzle,16,5,UCS,solved,16,16,8246,13863,5153,0.042217
puzzle,16,5,IDS,solved,16,16,28946,50647,15,0.129964
puzzle,16,5,A*-misplaced,solved,16,16,390,634,242,0.002514
puzzle,16,5,A*-manhattan,solved,16,16,71,121,50,0.000596
puzzle,16,5,A*-3xmanhattan,solved,22,22,51,90,39,0.000551
puzzle,16,6,BFS,solved,16,16,8303,13936,5166,0.033502
puzzle,16,6,DFS,solved,64634,64634,67153,112450,45297,0.293356
puzzle,16,6,UCS,solved,16,16,8303,13936,5166,0.042337
puzzle,16,6,IDS,solved,16,16,23292,40382,15,0.102676
puzzle,16,6,A*-misplaced,solved,16,16,374,608,234,0.002566
puzzle,16,6,A*-manhattan,solved,16,16,86,150,64,0.000697
puzzle,16,6,A*-3xmanhattan,solved,22,22,183,309,126,0.001331
puzzle,16,7,BFS,solved,16,16,7846,13310,5019,0.039006
puzzle,16,7,DFS,solved,19548,19548,20012,34475,14463,0.085909
puzzle,16,7,UCS,solved,16,16,7846,13310,5019,0.040229
puzzle,16,7,IDS,solved,16,16,29896,52363,15,0.133815
puzzle,16,7,A*-misplaced,solved,16,16,334,556,221,0.002162
puzzle,16,7,A*-manhattan,solved,16,16,73,129,55,0.000585
puzzle,16,7,A*-3xmanhattan,solved,24,24,200,338,135,0.001455
puzzle,16,8,BFS,solved,16,16,10597,17123,5888,0.043834
puzzle,16,8,DFS,solved,44892,44892,46176,78586,32410,0.228223
puzzle,16,8,UCS,solved,16,16,10597,17123,5888,0.070696
puzzle,16,8,IDS,solved,16,16,21760,37600,15,0.107773
puzzle,16,8,A*-misplaced,solved,16,16,376,627,251,0.002447
puzzle,16,8,A*-manhattan,solved,16,16,97,169,71,0.000776
puzzle,16,8,A*-3xmanhattan,solved,18,18,149,248,95,0.001204
puzzle,16,9,BFS,solved,16,16,8508,14229,5248,0.033472
puzzle,16,9,DFS,solved,73064,73064,76366,126962,50596,0.366958
puzzle,16,9,UCS,solved,16,16,8508,14229,5248,0.042353
puzzle,16,9,IDS,solved,16,16,28196,49286,15,0.122839
puzzle,16,9,A*-misplaced,solved,16,16,326,538,212,0.002046
puzzle,16,9,A*-manhattan,solved,16,16,61,108,47,0.000544
puzzle,16,9,A*-3xmanhattan,solved,16,16,97,168,71,0.000752
grid,5,0,BFS,solved,7,5,21,38,11,0.000118
grid,5,0,DFS,solved,43,13,13,27,14,0.000047
grid,5,0,UCS,solved,7,5,10,23,12,0.000045
grid,5,0,IDS,solved,12,5,45,109,7,0.000182
grid,5,0,A*-manhattan,solved,7,5,8,18,10,0.000053
grid,5,0,A*-3xmanhattan,solved,7,5,5,15,10,0.000032
grid,5,1,BFS,solved,6,4,20,36,12,0.000077
grid,5,1,DFS,solved,29,12,12,29,17,0.000044
grid,5,1,UCS,solved,6,4,19,35,13,0.000073
grid,5,1,IDS,solved,6,4,26,74,9,0.000105
grid,5,1,A*-manhattan,solved,6,4,4,13,9,0.000030
grid,5,1,A*-3xmanhattan,solved,6,4,4,13,9,0.000026
grid,5,2,BFS,solved,5,3,10,22,10,0.000066
grid,5,2,DFS,solved,20,11,11,23,12,0.000065
grid,5,2,UCS,solved,3,3,6,14,7,0.000045
grid,5,2,IDS,solved,3,3,9,26,5,0.000039
grid,5,2,A*-manhattan,solved,3,3,3,9,6,0.000022
grid,5,2,A*-3xmanhattan,solved,3,3,3,9,6,0.000018
grid,5,3,BFS,solved,11,4,15,30,11,0.000082
grid,5,3,DFS,solved,53,16,16,32,16,0.000075
grid,5,3,UCS,solved,8,6,13,29,16,0.000051
grid,5,3,IDS,solved,20,4,24,63,7,0.000094
grid,5,3,A*-manhattan,solved,8,6,10,20,10,0.000053
grid,5,3,A*-3xmanhattan,solved,15,6,8,17,9,0.000040
grid,5,4,BFS,solved,13,4,21,38,12,0.000078
grid,5,4,DFS,solved,13,4,4,13,9,0.000017
grid,5,4,UCS,solved,10,6,18,34,13,0.000095
grid,5,4,IDS,solved,13,4,25,71,9,0.000106
grid,5,4,A*-manhattan,solved,10,6,11,19,10,0.000055
grid,5,4,A*-3xmanhattan,solved,13,4,5,14,9,0.000029
grid,5,5,BFS,solved,8,6,23,40,11,0.000084
grid,5,5,DFS,solved,46,14,14,28,14,0.000046
grid,5,5,UCS,solved,6,6,18,36,17,0.000068
grid,5,5,IDS,solved,22,6,105,250,8,0.000393
grid,5,5,A*-manhattan,solved,6,6,7,19,12,0.000053
grid,5,5,A*-3xmanhattan,solved,8,6,6,18,12,0.000094
grid,5,6,BFS,solved,6,6,20,36,9,0.000078
grid,5,6,DFS,solved,32,16,16,30,14,0.000051
grid,5,6,UCS,solved,6,6,17,32,9,0.000064
grid,5,6,IDS,solved,8,6,79,190,8,0.000338
grid,5,6,A*-manhattan,solved,6,6,6,14,8,0.000035
grid,5,6,A*-3xmanhattan,solved,6,6,6,14,8,0.000030
grid,5,7,BFS,solved,4,4,21,38,12,0.000077
grid,5,7,DFS,solved,13,4,4,13,9,0.000017
grid,5,7,UCS,solved,4,4,15,32,12,0.000061
grid,5,7,IDS,solved,13,4,25,71,9,0.000100
grid,5,7,A*-manhattan,solved,4,4,4,13,9,0.000057
grid,5,7,A*-3xmanhattan,solved,4,4,4,13,9,0.000026
grid,5,8,BFS,solved,2,2,9,20,11,0.000042
grid,5,8,DFS,solved,8,6,6,17,11,0.000024
grid,5,8,UCS,solved,2,2,7,19,12,0.000031
grid,5,8,IDS,solved,2,2,3,14,6,0.000016
grid,5,8,A*-manhattan,solved,2,2,2,8,6,0.000017
grid,5,8,A*-3xmanhattan,solved,2,2,2,8,6,0.000014
grid,5,9,BFS,solved,7,5,19,35,9,0.000070
grid,5,9,DFS,solved,32,17,17,35,18,0.000057
grid,5,9,UCS,solved,5,5,16,32,14,0.000061
grid,5,9,IDS,solved,5,5,51,129,10,0.000197
grid,5,9,A*-manhattan,solved,5,5,5,11,6,0.000029
grid,5,9,A*-3xmanhattan,solved,5,5,5,11,6,0.000025
grid,8,0,BFS,solved,15,9,61,111,19,0.000212
grid,8,0,DFS,solved,85,37,37,74,37,0.000130
grid,8,0,UCS,solved,13,9,57,108,36,0.000220
grid,8,0,IDS,solved,20,9,2919,7007,17,0.013079
grid,8,0,A*-manhattan,solved,13,9,14,31,17,0.000083
grid,8,0,A*-3xmanhattan,solved,13,9,9,22,13,0.000048
grid,8,1,BFS,solved,13,9,59,110,19,0.000208
grid,8,1,DFS,solved,87,37,37,74,37,0.000120
grid,8,1,UCS,solved,9,9,50,102,37,0.000207
grid,8,1,IDS,solved,24,9,2083,5093,12,0.009547
grid,8,1,A*-manhattan,solved,9,9,12,30,18,0.000073
grid,8,1,A*-3xmanhattan,solved,13,9,9,27,18,0.000051
grid,8,2,BFS,solved,35,10,59,108,15,0.000237
grid,8,2,DFS,solved,124,38,38,81,43,0.000127
grid,8,2,UCS,solved,23,10,52,105,27,0.000201
grid,8,2,IDS,solved,30,10,4551,11174,18,0.021535
grid,8,2,A*-manhattan,solved,23,10,24,47,23,0.000159
grid,8,2,A*-3xmanhattan,solved,23,10,16,38,22,0.000084
grid,8,3,BFS,solved,28,12,62,112,15,0.000272
grid,8,3,DFS,solved,88,40,40,84,44,0.000134
grid,8,3,UCS,solved,14,12,53,106,31,0.000234
grid,8,3,IDS,solved,37,12,22464,54691,21,0.112013
grid,8,3,A*-manhattan,solved,14,12,18,43,25,0.000133
grid,8,3,A*-3xmanhattan,solved,16,12,19,41,22,0.000099
grid,8,4,BFS,solved,15,9,58,107,18,0.000217
grid,8,4,DFS,solved,102,41,41,85,44,0.000138
grid,8,4,UCS,solved,11,9,55,109,36,0.000246
grid,8,4,IDS,solved,15,9,2627,6378,17,0.011982
grid,8,4,A*-manhattan,solved,11,9,12,31,19,0.000090
grid,8,4,A*-3xmanhattan,solved,13,9,9,26,17,0.000052
grid,8,5,BFS,solved,46,11,56,104,15,0.000201
grid,8,5,DFS,solved,111,41,41,78,37,0.000131
grid,8,5,UCS,solved,17,13,50,103,31,0.000202
grid,8,5,IDS,solved,21,11,6399,15869,16,0.031374
grid,8,5,A*-manhattan,solved,17,13,25,50,25,0.000156
grid,8,5,A*-3xmanhattan,solved,19,11,12,30,18,0.000065
grid,8,6,BFS,solved,13,6,43,85,18,0.000163
grid,8,6,DFS,solved,35,20,20,48,28,0.000072
grid,8,6,UCS,solved,8,6,35,74,22,0.000144
grid,8,6,IDS,solved,10,6,179,453,14,0.000744
grid,8,6,A*-manhattan,solved,8,6,6,17,11,0.000039
grid,8,6,A*-3xmanhattan,solved,8,6,6,17,11,0.000035
grid,8,7,BFS,solved,22,9,59,108,18,0.000204
grid,8,7,DFS,solved,69,37,37,80,43,0.000156
grid,8,7,UCS,solved,11,9,56,108,36,0.000225
grid,8,7,IDS,solved,11,9,2584,6276,17,0.011800
grid,8,7,A*-manhattan,solved,11,9,11,28,17,0.000078
grid,8,7,A*-3xmanhattan,solved,13,9,9,25,16,0.000051
grid,8,8,BFS,solved,16,8,51,98,15,0.000220
grid,8,8,DFS,solved,38,22,22,51,29,0.000078
grid,8,8,UCS,solved,8,8,34,74,28,0.000182
grid,8,8,IDS,solved,8,8,751,1866,16,0.003387
grid,8,8,A*-manhattan,solved,8,8,12,31,19,0.000079
grid,8,8,A*-3xmanhattan,solved,12,8,8,23,15,0.000045
grid,8,9,BFS,solved,17,6,34,70,19,0.000166
grid,8,9,DFS,solved,86,34,34,68,34,0.000113
grid,8,9,UCS,solved,10,6,22,52,27,0.000096
grid,8,9,IDS,solved,15,6,141,358,10,0.000639
grid,8,9,A*-manhattan,solved,10,6,7,17,10,0.000043
grid,8,9,A*-3xmanhattan,solved,10,6,6,17,11,0.000034
grid,12,0,BFS,solved,13,11,116,224,30,0.000449
grid,12,0,DFS,solved,236,99,99,204,105,0.000345
grid,12,0,UCS,solved,13,11,96,198,50,0.000387
grid,12,0,IDS,solved,26,11,24565,61248,21,0.126592
grid,12,0,A*-manhattan,solved,13,11,16,43,27,0.000125
grid,12,0,A*-3xmanhattan,solved,19,11,12,33,21,0.000068
grid,12,1,BFS,solved,12,5,58,133,41,0.000238
grid,12,1,DFS,solved,19,11,11,31,20,0.000071
grid,12,1,UCS,solved,9,5,60,138,55,0.000254
grid,12,1,IDS,solved,9,5,81,246,12,0.000459
grid,12,1,A*-manhattan,solved,9,5,9,22,13,0.000060
grid,12,1,A*-3xmanhattan,solved,9,5,7,19,12,0.000041
grid,12,2,BFS,solved,32,14,139,262,29,0.000534
grid,12,2,DFS,solved,249,102,102,210,108,0.000345
grid,12,2,UCS,solved,16,14,122,242,59,0.000514
grid,12,2,IDS,solved,31,14,353349,882722,26,2.027557
grid,12,2,A*-manhattan,solved,16,14,31,69,38,0.000233
grid,12,2,A*-3xmanhattan,solved,22,16,16,44,28,0.000093
grid,12,3,BFS,solved,25,9,120,236,37,0.000482
grid,12,3,DFS,solved,145,53,53,116,63,0.000208
grid,12,3,UCS,solved,13,9,82,189,75,0.000353
grid,12,3,IDS,solved,23,9,5066,13344,18,0.027843
grid,12,3,A*-manhattan,solved,13,9,14,33,19,0.000108
grid,12,3,A*-3xmanhattan,solved,15,9,11,28,17,0.000062
grid,12,4,BFS,solved,12,5,55,125,37,0.000227
grid,12,4,DFS,solved,63,27,27,66,39,0.000098
grid,12,4,UCS,solved,5,5,37,95,43,0.000203
grid,12,4,IDS,solved,5,5,82,249,12,0.000357
grid,12,4,A*-manhattan,solved,5,5,8,21,13,0.000050
grid,12,4,A*-3xmanhattan,solved,5,5,9,23,14,0.000050
grid,12,5,BFS,solved,11,7,93,197,41,0.000343
grid,12,5,DFS,solved,127,51,51,112,61,0.000202
grid,12,5,UCS,solved,11,7,87,187,64,0.000403
grid,12,5,IDS,solved,16,7,694,1950,15,0.003338
grid,12,5,A*-manhattan,solved,11,7,15,36,21,0.000123
grid,12,5,A*-3xmanhattan,solved,11,7,7,20,13,0.000046
grid,12,6,BFS,solved,26,13,122,237,27,0.000432
grid,12,6,DFS,solved,262,123,123,243,120,0.000430
grid,12,6,UCS,solved,17,13,110,223,49,0.000501
grid,12,6,IDS,solved,21,13,106592,268857,20,0.609752
grid,12,6,A*-manhattan,solved,17,13,22,47,25,0.000154
grid,12,6,A*-3xmanhattan,solved,17,13,13,34,21,0.000073
grid,12,7,BFS,solved,39,12,121,234,26,0.000486
grid,12,7,DFS,solved,200,78,78,164,86,0.000264
grid,12,7,UCS,solved,14,12,86,185,52,0.000360
grid,12,7,IDS,solved,29,12,52712,133024,24,0.279783
grid,12,7,A*-manhattan,solved,14,12,14,38,24,0.000206
grid,12,7,A*-3xmanhattan,solved,20,12,12,35,23,0.000205
grid,12,8,BFS,solved,23,10,108,212,30,0.000908
grid,12,8,DFS,solved,177,76,76,160,84,0.000508
grid,12,8,UCS,solved,12,10,74,156,49,0.000634
grid,12,8,IDS,solved,18,10,9537,23761,20,0.052776
grid,12,8,A*-manhattan,solved,12,10,10,27,17,0.000084
grid,12,8,A*-3xmanhattan,solved,12,10,10,27,17,0.000062
grid,12,9,BFS,solved,32,11,118,228,30,0.000436
grid,12,9,DFS,solved,190,77,77,162,85,0.000291
grid,12,9,UCS,solved,11,11,74,150,48,0.000309
grid,12,9,IDS,solved,20,11,23440,58360,21,0.115631
grid,12,9,A*-manhattan,solved,11,11,13,34,21,0.000098
grid,12,9,A*-3xmanhattan,solved,13,11,11,31,20,0.000067
grid,16,0,BFS,solved,27,16,214,420,36,0.000848
grid,16,0,DFS,solved,382,166,166,340,174,0.000577
grid,16,0,UCS,solved,20,16,186,381,97,0.000828
grid,16,0,IDS,timeout,,,1651200,4239416,28,10.001377
grid,16,0,A*-manhattan,solved,20,16,53,106,53,0.000314
grid,16,0,A*-3xmanhattan,solved,20,16,16,43,27,0.000137
grid,16,1,BFS,solved,46,17,232,446,40,0.001000
grid,16,1,DFS,solved,308,137,137,284,147,0.000505
grid,16,1,UCS,solved,19,19,205,418,87,0.000899
grid,16,1,IDS,timeout,,,1618432,4114120,28,10.003237
grid,16,1,A*-manhattan,solved,19,19,44,95,51,0.000273
grid,16,1,A*-3xmanhattan,solved,21,17,21,53,32,0.000116
grid,16,2,BFS,solved,30,18,248,472,42,0.000988
grid,16,2,DFS,solved,336,140,140,289,149,0.000480
grid,16,2,UCS,solved,24,18,245,475,87,0.001102
grid,16,2,IDS,timeout,,,1664000,4225463,28,10.001533
grid,16,2,A*-manhattan,solved,24,18,77,140,59,0.000444
grid,16,2,A*-3xmanhattan,solved,24,18,18,51,33,0.000106
grid,16,3,BFS,solved,45,18,222,428,36,0.000872
grid,16,3,DFS,solved,512,198,198,402,204,0.000722
grid,16,3,UCS,solved,24,20,220,436,90,0.001032
grid,16,3,IDS,timeout,,,1637888,4195548,28,10.001924
grid,16,3,A*-manhattan,solved,24,20,84,149,65,0.000577
grid,16,3,A*-3xmanhattan,solved,24,20,25,59,34,0.000138
grid,16,4,BFS,solved,48,20,205,398,31,0.000761
grid,16,4,DFS,solved,428,170,170,347,177,0.000568
grid,16,4,UCS,solved,26,20,167,345,77,0.000780
grid,16,4,IDS,timeout,,,1580544,4043927,32,10.001211
grid,16,4,A*-manhattan,solved,26,20,41,84,43,0.000251
grid,16,4,A*-3xmanhattan,solved,38,20,20,55,35,0.000114
grid,16,5,BFS,solved,28,12,190,381,42,0.000722
grid,16,5,DFS,solved,314,132,132,274,142,0.000448
grid,16,5,UCS,solved,14,12,152,330,84,0.000684
grid,16,5,IDS,solved,37,12,95415,245164,24,0.540915
grid,16,5,A*-manhattan,solved,14,12,20,46,26,0.000143
grid,16,5,A*-3xmanhattan,solved,14,12,12,34,22,0.000069
grid,16,6,BFS,solved,34,12,210,416,49,0.000988
grid,16,6,DFS,solved,253,102,102,216,114,0.000344
grid,16,6,UCS,solved,18,12,203,414,86,0.000915
grid,16,6,IDS,solved,18,12,104252,274745,24,0.583316
grid,16,6,A*-manhattan,solved,18,12,37,74,33,0.000229
grid,16,6,A*-3xmanhattan,solved,22,12,14,38,24,0.000079
grid,16,7,BFS,solved,40,18,196,382,34,0.000742
grid,16,7,DFS,solved,328,138,138,286,148,0.000470
grid,16,7,UCS,solved,22,18,152,316,74,0.000646
grid,16,7,IDS,timeout,,,1632768,4182204,32,10.002873
grid,16,7,A*-manhattan,solved,22,18,36,78,42,0.000230
grid,16,7,A*-3xmanhattan,solved,22,18,18,51,33,0.000106
grid,16,8,BFS,solved,28,13,198,392,40,0.000738
grid,16,8,DFS,solved,307,115,115,241,126,0.000448
grid,16,8,UCS,solved,17,13,168,356,102,0.000706
grid,16,8,IDS,solved,37,13,224308,575713,27,1.202376
grid,16,8,A*-manhattan,solved,17,13,23,56,33,0.000161
grid,16,8,A*-3xmanhattan,solved,17,13,13,35,22,0.000074
grid,16,9,BFS,solved,25,15,181,361,31,0.000748
grid,16,9,DFS,solved,146,75,75,163,88,0.000255
grid,16,9,UCS,solved,19,15,144,303,80,0.000632
grid,16,9,IDS,solved,33,15,686096,1758045,31,4.061938
grid,16,9,A*-manhattan,solved,19,15,32,66,34,0.000199
grid,16,9,A*-3xmanhattan,solved,25,15,15,41,26,0.000084
