domain,level,instance,heuristic,generated,depth,b_star
grid,5,0,A*-manhattan,18,5,1.4626
grid,5,0,A*-3xmanhattan,15,5,1.3918
grid,5,1,A*-manhattan,13,4,1.5327
grid,5,1,A*-3xmanhattan,13,4,1.5327
grid,5,2,A*-manhattan,9,3,1.6608
grid,5,2,A*-3xmanhattan,9,3,1.6608
grid,5,3,A*-manhattan,20,6,1.358
grid,5,3,A*-3xmanhattan,17,6,1.3076
grid,5,4,A*-manhattan,19,6,1.342
grid,5,4,A*-3xmanhattan,14,4,1.5707
grid,5,5,A*-manhattan,19,6,1.342
grid,5,5,A*-3xmanhattan,18,6,1.3253
grid,5,6,A*-manhattan,14,6,1.2484
grid,5,6,A*-3xmanhattan,14,6,1.2484
grid,5,7,A*-manhattan,13,4,1.5327
grid,5,7,A*-3xmanhattan,13,4,1.5327
grid,5,8,A*-manhattan,8,2,2.3723
grid,5,8,A*-3xmanhattan,8,2,2.3723
grid,5,9,A*-manhattan,11,5,1.2755
grid,5,9,A*-3xmanhattan,11,5,1.2755
grid,8,0,A*-manhattan,31,9,1.2423
grid,8,0,A*-3xmanhattan,22,9,1.1754
grid,8,1,A*-manhattan,30,9,1.2359
grid,8,1,A*-3xmanhattan,27,9,1.2153
grid,8,2,A*-manhattan,47,10,1.2713
grid,8,2,A*-3xmanhattan,38,10,1.2344
grid,8,3,A*-manhattan,43,12,1.186
grid,8,3,A*-3xmanhattan,41,12,1.1792
grid,8,4,A*-manhattan,31,9,1.2423
grid,8,4,A*-3xmanhattan,26,9,1.208
grid,8,5,A*-manhattan,50,13,1.1805
grid,8,5,A*-3xmanhattan,30,11,1.1608
grid,8,6,A*-manhattan,17,6,1.3076
grid,8,6,A*-3xmanhattan,17,6,1.3076
grid,8,7,A*-manhattan,28,9,1.2224
grid,8,7,A*-3xmanhattan,25,9,1.2003
grid,8,8,A*-manhattan,31,8,1.2999
grid,8,8,A*-3xmanhattan,23,8,1.2332
grid,8,9,A*-manhattan,17,6,1.3076
grid,8,9,A*-3xmanhattan,17,6,1.3076
grid,12,0,A*-manhattan,43,11,1.2169
grid,12,0,A*-3xmanhattan,33,11,1.1757
grid,12,1,A*-manhattan,22,5,1.5428
grid,12,1,A*-3xmanhattan,19,5,1.484
grid,12,2,A*-manhattan,69,14,1.1966
grid,12,2,A*-3xmanhattan,44,16,1.1112
grid,12,3,A*-manhattan,33,9,1.2545
grid,12,3,A*-3xmanhattan,28,9,1.2224
grid,12,4,A*-manhattan,21,5,1.524
grid,12,4,A*-3xmanhattan,23,5,1.5609
grid,12,5,A*-manhattan,36,7,1.4202
grid,12,5,A*-3xmanhattan,20,7,1.2654
grid,12,6,A*-manhattan,47,13,1.1725
grid,12,6,A*-3xmanhattan,34,13,1.1305
grid,12,7,A*-manhattan,38,12,1.1685
grid,12,7,A*-3xmanhattan,35,12,1.1568
grid,12,8,A*-manhattan,27,10,1.1752
grid,12,8,A*-3xmanhattan,27,10,1.1752
grid,12,9,A*-manhattan,34,11,1.1803
grid,12,9,A*-3xmanhattan,31,11,1.1659
grid,16,0,A*-manhattan,106,16,1.201
grid,16,0,A*-3xmanhattan,43,16,1.1088
grid,16,1,A*-manhattan,95,19,1.1445
grid,16,1,A*-3xmanhattan,53,17,1.1169
grid,16,2,A*-manhattan,140,18,1.1918
grid,16,2,A*-3xmanhattan,51,18,1.1015
grid,16,3,A*-manhattan,149,20,1.1684
grid,16,3,A*-3xmanhattan,59,20,1.0946
grid,16,4,A*-manhattan,84,20,1.1232
grid,16,4,A*-3xmanhattan,55,20,1.0889
grid,16,5,A*-manhattan,46,12,1.1955
grid,16,5,A*-3xmanhattan,34,12,1.1527
grid,16,6,A*-manhattan,74,12,1.2624
grid,16,6,A*-3xmanhattan,38,12,1.1685
grid,16,7,A*-manhattan,78,18,1.14
grid,16,7,A*-3xmanhattan,51,18,1.1015
grid,16,8,A*-manhattan,56,13,1.1951
grid,16,8,A*-3xmanhattan,35,13,1.1342
grid,16,9,A*-manhattan,66,15,1.1706
grid,16,9,A*-3xmanhattan,41,15,1.118
puzzle,4,0,A*-misplaced,10,4,1.4026
puzzle,4,0,A*-manhattan,10,4,1.4026
puzzle,4,0,A*-3xmanhattan,10,4,1.4026
puzzle,4,1,A*-misplaced,10,4,1.4026
puzzle,4,1,A*-manhattan,10,4,1.4026
puzzle,4,1,A*-3xmanhattan,10,4,1.4026
puzzle,4,2,A*-misplaced,12,4,1.4922
puzzle,4,2,A*-manhattan,10,4,1.4026
puzzle,4,2,A*-3xmanhattan,10,4,1.4026
puzzle,4,3,A*-misplaced,10,4,1.4026
puzzle,4,3,A*-manhattan,10,4,1.4026
puzzle,4,3,A*-3xmanhattan,10,4,1.4026
puzzle,4,4,A*-misplaced,10,4,1.4026
puzzle,4,4,A*-manhattan,10,4,1.4026
puzzle,4,4,A*-3xmanhattan,10,4,1.4026
puzzle,4,5,A*-misplaced,10,4,1.4026
puzzle,4,5,A*-manhattan,10,4,1.4026
puzzle,4,5,A*-3xmanhattan,10,4,1.4026
puzzle,4,6,A*-misplaced,10,4,1.4026
puzzle,4,6,A*-manhattan,10,4,1.4026
puzzle,4,6,A*-3xmanhattan,10,4,1.4026
puzzle,4,7,A*-misplaced,10,4,1.4026
puzzle,4,7,A*-manhattan,10,4,1.4026
puzzle,4,7,A*-3xmanhattan,10,4,1.4026
puzzle,4,8,A*-misplaced,10,4,1.4026
puzzle,4,8,A*-manhattan,10,4,1.4026
puzzle,4,8,A*-3xmanhattan,10,4,1.4026
puzzle,4,9,A*-misplaced,10,4,1.4026
puzzle,4,9,A*-manhattan,10,4,1.4026
puzzle,4,9,A*-3xmanhattan,10,4,1.4026
puzzle,8,0,A*-misplaced,31,8,1.2999
puzzle,8,0,A*-manhattan,16,8,1.153
puzzle,8,0,A*-3xmanhattan,16,8,1.153
puzzle,8,1,A*-misplaced,16,8,1.153
puzzle,8,1,A*-manhattan,16,8,1.153
puzzle,8,1,A*-3xmanhattan,16,8,1.153
puzzle,8,2,A*-misplaced,34,8,1.3207
puzzle,8,2,A*-manhattan,24,8,1.2427
puzzle,8,2,A*-3xmanhattan,33,10,1.21
puzzle,8,3,A*-misplaced,37,8,1.3398
puzzle,8,3,A*-manhattan,18,8,1.1789
puzzle,8,3,A*-3xmanhattan,18,8,1.1789
puzzle,8,4,A*-misplaced,31,8,1.2999
puzzle,8,4,A*-manhattan,21,8,1.213
puzzle,8,4,A*-3xmanhattan,21,8,1.213
puzzle,8,5,A*-misplaced,25,8,1.2518
puzzle,8,5,A*-manhattan,18,8,1.1789
puzzle,8,5,A*-3xmanhattan,18,8,1.1789
puzzle,8,6,A*-misplaced,28,8,1.2771
puzzle,8,6,A*-manhattan,21,8,1.213
puzzle,8,6,A*-3xmanhattan,21,8,1.213
puzzle,8,7,A*-misplaced,46,8,1.3895
puzzle,8,7,A*-manhattan,28,8,1.2771
puzzle,8,7,A*-3xmanhattan,38,8,1.3459
puzzle,8,8,A*-misplaced,29,8,1.2849
puzzle,8,8,A*-manhattan,24,8,1.2427
puzzle,8,8,A*-3xmanhattan,33,10,1.21
puzzle,8,9,A*-misplaced,37,8,1.3398
puzzle,8,9,A*-manhattan,18,8,1.1789
puzzle,8,9,A*-3xmanhattan,18,8,1.1789
puzzle,12,0,A*-misplaced,144,12,1.3566
puzzle,12,0,A*-manhattan,31,12,1.1396
puzzle,12,0,A*-3xmanhattan,122,18,1.1797
puzzle,12,1,A*-misplaced,84,12,1.2802
puzzle,12,1,A*-manhattan,22,12,1.0903
puzzle,12,1,A*-3xmanhattan,22,12,1.0903
puzzle,12,2,A*-misplaced,92,12,1.2931
puzzle,12,2,A*-manhattan,38,12,1.1685
puzzle,12,2,A*-3xmanhattan,123,12,1.3342
puzzle,12,3,A*-misplaced,86,12,1.2836
puzzle,12,3,A*-manhattan,26,12,1.1144
puzzle,12,3,A*-3xmanhattan,26,12,1.1144
puzzle,12,4,A*-misplaced,139,12,1.3516
puzzle,12,4,A*-manhattan,77,12,1.268
puzzle,12,4,A*-3xmanhattan,133,12,1.3453
puzzle,12,5,A*-misplaced,121,12,1.3318
puzzle,12,5,A*-manhattan,26,12,1.1144
puzzle,12,5,A*-3xmanhattan,26,12,1.1144
puzzle,12,6,A*-misplaced,180,12,1.3885
puzzle,12,6,A*-manhattan,105,12,1.3117
puzzle,12,6,A*-3xmanhattan,82,14,1.2169
puzzle,12,7,A*-misplaced,146,12,1.3586
puzzle,12,7,A*-manhattan,60,12,1.2329
puzzle,12,7,A*-3xmanhattan,69,12,1.2526
puzzle,12,8,A*-misplaced,128,12,1.3398
puzzle,12,8,A*-manhattan,51,12,1.21
puzzle,12,8,A*-3xmanhattan,47,12,1.1985
puzzle,12,9,A*-misplaced,154,12,1.3662
puzzle,12,9,A*-manhattan,63,12,1.2398
puzzle,12,9,A*-3xmanhattan,72,12,1.2585
puzzle,16,0,A*-misplaced,868,16,1.4139
puzzle,16,0,A*-manhattan,243,16,1.2843
puzzle,16,0,A*-3xmanhattan,130,18,1.1853
puzzle,16,1,A*-misplaced,517,16,1.3607
puzzle,16,1,A*-manhattan,64,16,1.1499
puzzle,16,1,A*-3xmanhattan,654,16,1.3847
puzzle,16,2,A*-misplaced,732,16,1.3963
puzzle,16,2,A*-manhattan,174,16,1.2508
puzzle,16,2,A*-3xmanhattan,84,18,1.1467
puzzle,16,3,A*-misplaced,884,16,1.4158
puzzle,16,3,A*-manhattan,221,16,1.2748
puzzle,16,3,A*-3xmanhattan,679,20,1.2855
puzzle,16,4,A*-misplaced,960,16,1.4244
puzzle,16,4,A*-manhattan,239,16,1.2826
puzzle,16,4,A*-3xmanhattan,521,16,1.3614
puzzle,16,5,A*-misplaced,634,16,1.3815
puzzle,16,5,A*-manhattan,121,16,1.2143
puzzle,16,5,A*-3xmanhattan,90,22,1.1099
puzzle,16,6,A*-misplaced,608,16,1.3772
puzzle,16,6,A*-manhattan,150,16,1.2359
puzzle,16,6,A*-3xmanhattan,309,22,1.1965
puzzle,16,7,A*-misplaced,556,16,1.3681
puzzle,16,7,A*-manhattan,129,16,1.2208
puzzle,16,7,A*-3xmanhattan,338,24,1.1793
puzzle,16,8,A*-misplaced,627,16,1.3804
puzzle,16,8,A*-manhattan,169,16,1.2479
puzzle,16,8,A*-3xmanhattan,248,18,1.2418
puzzle,16,9,A*-misplaced,538,16,1.3647
puzzle,16,9,A*-manhattan,108,16,1.2029
puzzle,16,9,A*-3xmanhattan,168,16,1.2473
