domain,level,instance,ucs_cost,astar_cost,bfs_cost,bfs_length,astar_length,ucs_equals_astar,bfs_suboptimal
grid,5,0,7,7,7,5,5,True,False
grid,5,1,6,6,6,4,4,True,False
grid,5,2,3,3,5,3,3,True,True
grid,5,3,8,8,11,4,6,True,True
grid,5,4,10,10,13,4,6,True,True
grid,5,5,6,6,8,6,6,True,True
grid,5,6,6,6,6,6,6,True,False
grid,5,7,4,4,4,4,4,True,False
grid,5,8,2,2,2,2,2,True,False
grid,5,9,5,5,7,5,5,True,True
grid,8,0,13,13,15,9,9,True,True
grid,8,1,9,9,13,9,9,True,True
grid,8,2,23,23,35,10,10,True,True
grid,8,3,14,14,28,12,12,True,True
grid,8,4,11,11,15,9,9,True,True
grid,8,5,17,17,46,11,13,True,True
grid,8,6,8,8,13,6,6,True,True
grid,8,7,11,11,22,9,9,True,True
grid,8,8,8,8,16,8,8,True,True
grid,8,9,10,10,17,6,6,True,True
grid,12,0,13,13,13,11,11,True,False
grid,12,1,9,9,12,5,5,True,True
grid,12,2,16,16,32,14,14,True,True
grid,12,3,13,13,25,9,9,True,True
grid,12,4,5,5,12,5,5,True,True
grid,12,5,11,11,11,7,7,True,False
grid,12,6,17,17,26,13,13,True,True
grid,12,7,14,14,39,12,12,True,True
grid,12,8,12,12,23,10,10,True,True
grid,12,9,11,11,32,11,11,True,True
grid,16,0,20,20,27,16,16,True,True
grid,16,1,19,19,46,17,19,True,True
grid,16,2,24,24,30,18,18,True,True
grid,16,3,24,24,45,18,20,True,True
grid,16,4,26,26,48,20,20,True,True
grid,16,5,14,14,28,12,12,True,True
grid,16,6,18,18,34,12,12,True,True
grid,16,7,22,22,40,18,18,True,True
grid,16,8,17,17,28,13,13,True,True
grid,16,9,19,19,25,15,15,True,True
puzzle,4,0,4,4,4,4,4,True,False
puzzle,4,1,4,4,4,4,4,True,False
puzzle,4,2,4,4,4,4,4,True,False
puzzle,4,3,4,4,4,4,4,True,False
puzzle,4,4,4,4,4,4,4,True,False
puzzle,4,5,4,4,4,4,4,True,False
puzzle,4,6,4,4,4,4,4,True,False
puzzle,4,7,4,4,4,4,4,True,False
puzzle,4,8,4,4,4,4,4,True,False
puzzle,4,9,4,4,4,4,4,True,False
puzzle,8,0,8,8,8,8,8,True,False
puzzle,8,1,8,8,8,8,8,True,False
puzzle,8,2,8,8,8,8,8,True,False
puzzle,8,3,8,8,8,8,8,True,False
puzzle,8,4,8,8,8,8,8,True,False
puzzle,8,5,8,8,8,8,8,True,False
puzzle,8,6,8,8,8,8,8,True,False
puzzle,8,7,8,8,8,8,8,True,False
puzzle,8,8,8,8,8,8,8,True,False
puzzle,8,9,8,8,8,8,8,True,False
puzzle,12,0,12,12,12,12,12,True,False
puzzle,12,1,12,12,12,12,12,True,False
puzzle,12,2,12,12,12,12,12,True,False
puzzle,12,3,12,12,12,12,12,True,False
puzzle,12,4,12,12,12,12,12,True,False
puzzle,12,5,12,12,12,12,12,True,False
puzzle,12,6,12,12,12,12,12,True,False
puzzle,12,7,12,12,12,12,12,True,False
puzzle,12,8,12,12,12,12,12,True,False
puzzle,12,9,12,12,12,12,12,True,False
puzzle,16,0,16,16,16,16,16,True,False
puzzle,16,1,16,16,16,16,16,True,False
puzzle,16,2,16,16,16,16,16,True,False
puzzle,16,3,16,16,16,16,16,True,False
puzzle,16,4,16,16,16,16,16,True,False
puzzle,16,5,16,16,16,16,16,True,False
puzzle,16,6,16,16,16,16,16,True,False
puzzle,16,7,16,16,16,16,16,True,False
puzzle,16,8,16,16,16,16,16,True,False
puzzle,16,9,16,16,16,16,16,True,False
