domain,level,instance,expansions_h,expansions_3h,expansion_speedup,time_h,time_3h,time_speedup,cost_h,cost_3h,cost_ratio,suboptimal
grid,5,0,8,5,1.6,0.000053,0.000032,1.656,7,7,1.0,False
grid,5,1,4,4,1.0,0.000030,0.000026,1.154,6,6,1.0,False
grid,5,2,3,3,1.0,0.000022,0.000018,1.222,3,3,1.0,False
grid,5,3,10,8,1.25,0.000053,0.000040,1.325,8,15,1.875,True
grid,5,4,11,5,2.2,0.000055,0.000029,1.897,10,13,1.3,True
grid,5,5,7,6,1.167,0.000053,0.000094,0.564,6,8,1.3333,True
grid,5,6,6,6,1.0,0.000035,0.000030,1.167,6,6,1.0,False
grid,5,7,4,4,1.0,0.000057,0.000026,2.192,4,4,1.0,False
grid,5,8,2,2,1.0,0.000017,0.000014,1.214,2,2,1.0,False
grid,5,9,5,5,1.0,0.000029,0.000025,1.16,5,5,1.0,False
grid,8,0,14,9,1.556,0.000083,0.000048,1.729,13,13,1.0,False
grid,8,1,12,9,1.333,0.000073,0.000051,1.431,9,13,1.4444,True
grid,8,2,24,16,1.5,0.000159,0.000084,1.893,23,23,1.0,False
grid,8,3,18,19,0.947,0.000133,0.000099,1.343,14,16,1.1429,True
grid,8,4,12,9,1.333,0.000090,0.000052,1.731,11,13,1.1818,True
grid,8,5,25,12,2.083,0.000156,0.000065,2.4,17,19,1.1176,True
grid,8,6,6,6,1.0,0.000039,0.000035,1.114,8,8,1.0,False
grid,8,7,11,9,1.222,0.000078,0.000051,1.529,11,13,1.1818,True
grid,8,8,12,8,1.5,0.000079,0.000045,1.756,8,12,1.5,True
grid,8,9,7,6,1.167,0.000043,0.000034,1.265,10,10,1.0,False
grid,12,0,16,12,1.333,0.000125,0.000068,1.838,13,19,1.4615,True
grid,12,1,9,7,1.286,0.000060,0.000041,1.463,9,9,1.0,False
grid,12,2,31,16,1.938,0.000233,0.000093,2.505,16,22,1.375,True
grid,12,3,14,11,1.273,0.000108,0.000062,1.742,13,15,1.1538,True
grid,12,4,8,9,0.889,0.000050,0.000050,1.0,5,5,1.0,False
grid,12,5,15,7,2.143,0.000123,0.000046,2.674,11,11,1.0,False
grid,12,6,22,13,1.692,0.000154,0.000073,2.11,17,17,1.0,False
grid,12,7,14,12,1.167,0.000206,0.000205,1.005,14,20,1.4286,True
grid,12,8,10,10,1.0,0.000084,0.000062,1.355,12,12,1.0,False
grid,12,9,13,11,1.182,0.000098,0.000067,1.463,11,13,1.1818,True
grid,16,0,53,16,3.312,0.000314,0.000137,2.292,20,20,1.0,False
grid,16,1,44,21,2.095,0.000273,0.000116,2.353,19,21,1.1053,True
grid,16,2,77,18,4.278,0.000444,0.000106,4.189,24,24,1.0,False
grid,16,3,84,25,3.36,0.000577,0.000138,4.181,24,24,1.0,False
grid,16,4,41,20,2.05,0.000251,0.000114,2.202,26,38,1.4615,True
grid,16,5,20,12,1.667,0.000143,0.000069,2.072,14,14,1.0,False
grid,16,6,37,14,2.643,0.000229,0.000079,2.899,18,22,1.2222,True
grid,16,7,36,18,2.0,0.000230,0.000106,2.17,22,22,1.0,False
grid,16,8,23,13,1.769,0.000161,0.000074,2.176,17,17,1.0,False
grid,16,9,32,15,2.133,0.000199,0.000084,2.369,19,25,1.3158,True
puzzle,4,0,4,4,1.0,0.000051,0.000042,1.214,4,4,1.0,False
puzzle,4,1,4,4,1.0,0.000041,0.000037,1.108,4,4,1.0,False
puzzle,4,2,4,4,1.0,0.000047,0.000039,1.205,4,4,1.0,False
puzzle,4,3,4,4,1.0,0.000042,0.000046,0.913,4,4,1.0,False
puzzle,4,4,4,4,1.0,0.000050,0.000038,1.316,4,4,1.0,False
puzzle,4,5,4,4,1.0,0.000046,0.000038,1.211,4,4,1.0,False
puzzle,4,6,4,4,1.0,0.000045,0.000076,0.592,4,4,1.0,False
puzzle,4,7,4,4,1.0,0.000040,0.000038,1.053,4,4,1.0,False
puzzle,4,8,4,4,1.0,0.000041,0.000038,1.079,4,4,1.0,False
puzzle,4,9,4,4,1.0,0.000044,0.000039,1.128,4,4,1.0,False
puzzle,8,0,8,8,1.0,0.000072,0.000064,1.125,8,8,1.0,False
puzzle,8,1,8,8,1.0,0.000071,0.000066,1.076,8,8,1.0,False
puzzle,8,2,12,16,0.75,0.000132,0.000131,1.008,8,10,1.25,True
puzzle,8,3,8,8,1.0,0.000079,0.000071,1.113,8,8,1.0,False
puzzle,8,4,10,10,1.0,0.000091,0.000083,1.096,8,8,1.0,False
puzzle,8,5,8,8,1.0,0.000079,0.000070,1.129,8,8,1.0,False
puzzle,8,6,10,10,1.0,0.000094,0.000113,0.832,8,8,1.0,False
puzzle,8,7,14,20,0.7,0.000119,0.000155,0.768,8,8,1.0,False
puzzle,8,8,12,16,0.75,0.000103,0.000132,0.78,8,10,1.25,True
puzzle,8,9,8,8,1.0,0.000073,0.000070,1.043,8,8,1.0,False
puzzle,12,0,17,70,0.243,0.000165,0.000507,0.325,12,18,1.5,True
puzzle,12,1,12,12,1.0,0.000100,0.000090,1.111,12,12,1.0,False
puzzle,12,2,20,72,0.278,0.000164,0.000513,0.32,12,12,1.0,False
puzzle,12,3,12,12,1.0,0.000110,0.000103,1.068,12,12,1.0,False
puzzle,12,4,42,76,0.553,0.000462,0.000581,0.795,12,12,1.0,False
puzzle,12,5,12,12,1.0,0.000118,0.000136,0.868,12,12,1.0,False
puzzle,12,6,64,47,1.362,0.000457,0.000372,1.228,12,14,1.1667,True
puzzle,12,7,34,39,0.872,0.000258,0.000285,0.905,12,12,1.0,False
puzzle,12,8,27,24,1.125,0.000250,0.000193,1.295,12,12,1.0,False
puzzle,12,9,36,41,0.878,0.000274,0.000295,0.929,12,12,1.0,False
puzzle,16,0,143,72,1.986,0.001133,0.000566,2.002,16,18,1.125,True
puzzle,16,1,34,395,0.086,0.000365,0.003135,0.116,16,16,1.0,False
puzzle,16,2,98,49,2.0,0.000831,0.000360,2.308,16,18,1.125,True
puzzle,16,3,130,413,0.315,0.001017,0.003316,0.307,16,20,1.25,True
puzzle,16,4,145,320,0.453,0.001208,0.002835,0.426,16,16,1.0,False
puzzle,16,5,71,51,1.392,0.000596,0.000551,1.082,16,22,1.375,True
puzzle,16,6,86,183,0.47,0.000697,0.001331,0.524,16,22,1.375,True
puzzle,16,7,73,200,0.365,0.000585,0.001455,0.402,16,24,1.5,True
puzzle,16,8,97,149,0.651,0.000776,0.001204,0.645,16,18,1.125,True
puzzle,16,9,61,97,0.629,0.000544,0.000752,0.723,16,16,1.0,False
